98604269590969266,t9_ch_global_ekia_sniper_for_operator_unlock,OPERATOR_UNLOCK,100,,,,0,
134914007341672397,t9_ch_global_detonate_dirty_bomb_for_operator_unlock,OPERATOR_UNLOCK,5,,,,0,
119586308642106246,t9_ch_global_kill_with_scorestreak_for_operator_unlock,OPERATOR_UNLOCK,10,,,,0,
100950211566621549,t9_ch_global_pap_weapon_eliminations_for_operator_unlock,OPERATOR_UNLOCK,200,,,,0,
100410377650927434,t9_ch_global_destroy_vehicle_for_operator_unlock,OPERATOR_UNLOCK,10,,,,0,
73612109809068190,t9_ch_global_kill_detected_enemies_for_operator_unlock,OPERATOR_UNLOCK,50,,,,0,
141754233871244944,t9_ch_global_finishing_move_kill_for_operator_unlock,OPERATOR_UNLOCK,15,,,,0,
80671228034423466,t9_ch_global_killstreak_5_for_operator_unlock,OPERATOR_UNLOCK,15,,,,0,
94329911974104346,t9_ch_global_exfils_for_operator_unlock,OPERATOR_UNLOCK,3,,,,0,
111795514063712994,t9_ch_global_win_one_v_one_as_prisoner_for_operator_mission,QUEST,1,0,,t9stitch_eastern,0,
127713787400622377,t9_ch_global_ekia_enemies_gas_mine_or_gas_grenade_for_operator_mission,QUEST,10,0,,t9stitch_eastern,0,
85525254875676550,t9_ch_global_ekia_with_tac_mask_or_battle_hardened_perk_for_operator_mission,QUEST,25,0,,t9stitch_eastern,0,
106686441719486941,t9_ch_global_most_wanted_contract_completed_for_operator_mission,QUEST,3,0,,t9stitch_eastern,0,
111214153609895159,t9_ch_global_headshots_for_operator_mission,QUEST,10,80,,t9navyseal_western,0,
99246928152496700,t9_ch_global_longshot_kill_for_operator_mission,QUEST,5,80,,t9navyseal_western,0,
74833699438238117,t9_ch_global_kill_enemy_while_crouched_or_prone_for_operator_mission,QUEST,10,80,,t9navyseal_western,0,
132014504351438617,t9_ch_global_kill_enemy_one_bullet_sniper_for_operator_mission,QUEST,10,80,,t9navyseal_western,0,
119940081856472967,t9_ch_global_ekia_with_silenced_weapons_for_operator_mission,QUEST,15,0,,t9adler_western,0,
132061051581772479,t9_ch_global_ekia_blinded_for_operator_mission,QUEST,5,0,,t9adler_western,0,
76893477931055401,t9_ch_global_call_in_uav_for_operator_mission,QUEST,5,0,,t9adler_western,0,
141036901159672487,t9_ch_global_point_blank_kill_for_operator_mission,QUEST,5,0,,t9adler_western,0,
113049955140649375,t9_ch_global_knife_loadout_kill_for_operator_mission,QUEST,5,20,,t9cub_eastern,0,
92909144963350867,t9_ch_global_ekia_shotgun_for_operator_mission,QUEST,20,20,,t9cub_eastern,0,
132153989673504818,t9_ch_global_hatchet_kill_for_operator_mission,QUEST,5,20,,t9cub_eastern,0,
89940432479444776,t9_ch_global_finishing_move_kill_for_operator_mission,QUEST,1,20,,t9cub_eastern,0,
101871207060064510,t9_ch_global_multikill_2_for_operator_mission,QUEST,3,30,,t9mi6_western,0,
142325850372415778,t9_ch_global_ekia_cold_blooded_for_operator_mission,QUEST,15,30,,t9mi6_western,0,
122253096372642369,t9_ch_global_killstreak_5_for_operator_mission,QUEST,1,30,,t9mi6_western,0,
75973637477719720,t9_ch_global_earn_team_top_15_for_operator_mission,QUEST,1,30,,t9mi6_western,0,
122114057999423479,t9_ch_global_ekia_while_in_vehicle_for_operator_mission,QUEST,5,40,,t9cia_western,0,
72251566544515786,t9_ch_global_complete_recon_objective_for_operator_mission,QUEST,3,40,,t9cia_western,0,
139968594804008413,t9_ch_global_call_in_killstreak_for_operator_mission,QUEST,5,40,,t9cia_western,0,
79546533712560361,t9_ch_global_complete_loadout_drop_for_operator_mission,QUEST,3,40,,t9cia_western,0,
102547785700402793,t9_ch_global_stim_shot_health_recovery_for_operator_mission,QUEST,1000,50,,t9kgb_eastern,0,
92381789342671041,t9_ch_global_teammate_buyback_for_operator_mission,QUEST,3,50,,t9kgb_eastern,0,
99345299950234165,t9_ch_global_ekia_under_enemy_detection_with_ghost_perk_for_operator_mission,QUEST,10,50,,t9kgb_eastern,0,
73949004720765220,t9_ch_global_revived_teammate_for_operator_mission,QUEST,5,50,,t9kgb_eastern,0,
78443886440568545,t9_ch_global_kill_with_launcher_for_operator_mission,QUEST,5,10,,t9west_western,0,
142449971909014353,t9_ch_global_kill_with_scorestreak_for_operator_mission,QUEST,3,10,,t9west_western,0,
102983511261265222,t9_ch_global_destroy_vehicle_for_operator_mission,QUEST,5,10,,t9west_western,0,
113361969442491708,t9_ch_global_lethal_kill_with_quartermaster_or_restock_perk_for_operator_mission,QUEST,15,10,,t9west_western,0,
86843009156474187,t9_ch_global_win_one_v_one_as_prisoner_for_operator_mission_op2,QUEST,1,70,,t9woods_western,0,
128969134603685301,t9_ch_global_ekia_paranoia_or_high_alert_for_operator_mission,QUEST,15,70,,t9woods_western,0,
114742074957820110,t9_ch_global_kill_enemy_when_injured_for_operator_mission,QUEST,5,70,,t9woods_western,0,
108431753968468729,t9_ch_global_killstreak_5_for_operator_mission_op2,QUEST,1,70,,t9woods_western,0,
75941540932694197,t9_ch_global_call_in_uav_for_operator_mission_op2,QUEST,5,60,,t9west_western,0,
142381185360751578,t9_ch_global_complete_recon_objective_for_operator_mission_op2,QUEST,3,60,,t9west_western,0,
91166482120508320,t9_ch_global_ekia_tracker_for_operator_mission,QUEST,15,60,,t9west_western,0,
95492371033843568,t9_ch_global_knife_loadout_kill_for_operator_mission_op2,QUEST,5,60,,t9west_western,0,
121672100153156468,t9_ch_global_ekia_assault_for_operator_mission,QUEST,25,90,,t9adler_western,0,
129584495424277597,t9_ch_global_ekia_downed_for_operator_mission,QUEST,10,90,,t9adler_western,0,
103826480910777807,t9_ch_global_resupply_teammates_for_operator_mission,QUEST,20,90,,t9adler_western,0,
113741507564581499,t9_ch_global_kill_enemy_who_killed_teammate_for_operator_mission,QUEST,5,90,,t9adler_western,0,
85075668501858666,t9_ch_global_satchel_charge_kill_for_operator_mission,QUEST,5,100,,t9stitch_eastern,0,
132186168921285142,t9_ch_global_complete_wz_bounty_contracts_for_operator_mission,QUEST,5,100,,t9stitch_eastern,0,
140408305422134924,t9_ch_global_molotov_kill_for_operator_mission,QUEST,5,100,,t9stitch_eastern,0,
143989727656269300,t9_ch_global_destroy_vehicle_for_operator_mission_op2,QUEST,5,100,,t9stitch_eastern,0,
122709765860718488,t9_ch_acog_kills,RETICLE,500,,,,0,
100813048766690775,t9_ch_dualoptic_kills,RETICLE,500,,,,0,
90526958700415716,t9_ch_elo_kills,RETICLE,500,,,,0,
140699537283898591,t9_ch_elo2_kills,RETICLE,500,,,,0,
98503915400246214,t9_ch_elo3_kills,RETICLE,500,,,,0,
138060219431196705,t9_ch_holo_kills,RETICLE,500,,,,0,
115353800867116622,t9_ch_reddot_kills,RETICLE,500,,,,0,
109320074261658014,t9_ch_reflex_kills,RETICLE,500,,,,0,
82256950145030450,t9_ch_reflex2_kills,RETICLE,500,,,,0,
128319400495714845,t9_ch_reflex3_kills,RETICLE,500,,,,0,
132475985621373509,t9_ch_reflex4_kills,RETICLE,500,,,,0,
124606668626543730,t9_ch_scope3x_kills,RETICLE,500,,,,0,
79761597839733725,t9_ch_scope4x_kills,RETICLE,500,,,,0,
111628225257849835,t9_ch_global_weapons_mastery,GUNSMITH,9,,,,0,
92106136438377572,t9_ch_weapon_assault_ekia,GUNSMITH,1000,,,,0,
130947465255032883,t9_ch_weapon_assault_challenges_completed,GUNSMITH,5,,,,0,
101132364675974612,t9_ch_ar_standard_t9_ekia_for_weapon_mastery,GUNSMITH,500,,iw8_ar_t9standard,,0,
110020441475189809,t9_ch_ar_standard_t9_weapon_mastery_weapon_master,GUNSMITH,1,,iw8_ar_t9standard,,0,
110329503986949611,t9_ch_ar_standard_t9_ekia,GUNSMITH,300,1,iw8_ar_t9standard,,0,
81722630608504970,t9_ch_ar_standard_t9_headshots,GUNSMITH,100,5,iw8_ar_t9standard,,0,
79992001082025255,t9_ch_ar_standard_t9_killstreak_5,GUNSMITH,20,10,iw8_ar_t9standard,,0,
124598765926226672,t9_ch_ar_standard_t9_longshot_kill,GUNSMITH,50,20,iw8_ar_t9standard,,0,
83636564404983275,t9_ch_ar_standard_t9_kill_detected_stunned_blinded,GUNSMITH,75,30,iw8_ar_t9standard,,0,
110895910035976764,t9_ch_ar_standard_t9_kill_enemy_taking_cover_from_you,GUNSMITH,50,40,iw8_ar_t9standard,,0,
117132400619070991,t9_ch_ar_standard_t9_multikill_2,GUNSMITH,25,50,iw8_ar_t9standard,,0,
105335436721942238,t9_ch_ar_standard_t9_challenges,GUNSMITH,35,,iw8_ar_t9standard,,0,
110947722006002401,t9_ch_ar_standard_t9_challenges_completed,GUNSMITH,1,,iw8_ar_t9standard,,0,
86100394168515511,t9_ch_ar_damage_t9_ekia_for_weapon_mastery,GUNSMITH,500,,iw8_ar_t9damage,,0,
85876586008748881,t9_ch_ar_damage_t9_weapon_mastery_weapon_master,GUNSMITH,1,,iw8_ar_t9damage,,0,
140203713240733856,t9_ch_ar_damage_t9_ekia,GUNSMITH,300,1,iw8_ar_t9damage,,0,
90572998941100715,t9_ch_ar_damage_t9_headshots,GUNSMITH,100,5,iw8_ar_t9damage,,0,
76394211296725370,t9_ch_ar_damage_t9_killstreak_5,GUNSMITH,20,10,iw8_ar_t9damage,,0,
116568184974343643,t9_ch_ar_damage_t9_longshot_kill,GUNSMITH,50,20,iw8_ar_t9damage,,0,
117137583480394150,t9_ch_ar_damage_t9_kill_detected_stunned_blinded,GUNSMITH,75,30,iw8_ar_t9damage,,0,
136293697643887039,t9_ch_ar_damage_t9_kill_enemy_taking_cover_from_you,GUNSMITH,50,40,iw8_ar_t9damage,,0,
86742124605325798,t9_ch_ar_damage_t9_multikill_2,GUNSMITH,25,50,iw8_ar_t9damage,,0,
78967685605176595,t9_ch_ar_damage_t9_challenges,GUNSMITH,35,,iw8_ar_t9damage,,0,
104762123190632210,t9_ch_ar_damage_t9_challenges_completed,GUNSMITH,1,,iw8_ar_t9damage,,0,
96157412488064991,t9_ch_ar_mobility_t9_ekia_for_weapon_mastery,GUNSMITH,500,,iw8_ar_t9mobility,,0,
128809958193143720,t9_ch_ar_mobility_t9_weapon_mastery_weapon_master,GUNSMITH,1,,iw8_ar_t9mobility,,0,
129546096563563016,t9_ch_ar_mobility_t9_ekia,GUNSMITH,300,1,iw8_ar_t9mobility,,0,
105882691654996973,t9_ch_ar_mobility_t9_headshots,GUNSMITH,100,5,iw8_ar_t9mobility,,0,
73417613128321327,t9_ch_ar_mobility_t9_killstreak_5,GUNSMITH,20,10,iw8_ar_t9mobility,,0,
137341186864171062,t9_ch_ar_mobility_t9_longshot_kill,GUNSMITH,50,20,iw8_ar_t9mobility,,0,
72674475951956792,t9_ch_ar_mobility_t9_kill_detected_stunned_blinded,GUNSMITH,75,30,iw8_ar_t9mobility,,0,
126648200930371021,t9_ch_ar_mobility_t9_kill_enemy_taking_cover_from_you,GUNSMITH,50,40,iw8_ar_t9mobility,,0,
96447609075163761,t9_ch_ar_mobility_t9_multikill_2,GUNSMITH,25,50,iw8_ar_t9mobility,,0,
143878972187650794,t9_ch_ar_mobility_t9_challenges,GUNSMITH,35,,iw8_ar_t9mobility,,0,
89389282525510706,t9_ch_ar_mobility_t9_challenges_completed,GUNSMITH,1,,iw8_ar_t9mobility,,0,
122136195306935598,t9_ch_ar_fastfire_t9_ekia_for_weapon_mastery,GUNSMITH,500,,iw8_ar_t9fastfire,,0,
74348921569068605,t9_ch_ar_fastfire_t9_weapon_mastery_weapon_master,GUNSMITH,1,,iw8_ar_t9fastfire,,0,
123318679191499040,t9_ch_ar_fastfire_t9_ekia,GUNSMITH,300,1,iw8_ar_t9fastfire,,0,
108460470411979588,t9_ch_ar_fastfire_t9_headshots,GUNSMITH,100,5,iw8_ar_t9fastfire,,0,
141914514550928955,t9_ch_ar_fastfire_t9_killstreak_5,GUNSMITH,20,10,iw8_ar_t9fastfire,,0,
96319714440274285,t9_ch_ar_fastfire_t9_longshot_kill,GUNSMITH,50,20,iw8_ar_t9fastfire,,0,
102900230383218338,t9_ch_ar_fastfire_t9_kill_detected_stunned_blinded,GUNSMITH,75,30,iw8_ar_t9fastfire,,0,
85763759703397545,t9_ch_ar_fastfire_t9_kill_enemy_taking_cover_from_you,GUNSMITH,50,40,iw8_ar_t9fastfire,,0,
72805916293390305,t9_ch_ar_fastfire_t9_multikill_2,GUNSMITH,25,50,iw8_ar_t9fastfire,,0,
139066846024306636,t9_ch_ar_fastfire_t9_challenges,GUNSMITH,35,,iw8_ar_t9fastfire,,0,
138526107866050122,t9_ch_ar_fastfire_t9_challenges_completed,GUNSMITH,1,,iw8_ar_t9fastfire,,0,
131975491457099236,t9_ch_ar_accurate_t9_ekia_for_weapon_mastery,GUNSMITH,500,,iw8_ar_t9accurate,,0,
141107536594104933,t9_ch_ar_accurate_t9_weapon_mastery_weapon_master,GUNSMITH,1,,iw8_ar_t9accurate,,0,
80210958226765139,t9_ch_ar_accurate_t9_ekia,GUNSMITH,300,1,iw8_ar_t9accurate,,0,
97950811517681878,t9_ch_ar_accurate_t9_headshots,GUNSMITH,100,5,iw8_ar_t9accurate,,0,
128815992596373243,t9_ch_ar_accurate_t9_killstreak_5,GUNSMITH,20,10,iw8_ar_t9accurate,,0,
105467148505302215,t9_ch_ar_accurate_t9_longshot_kill,GUNSMITH,50,20,iw8_ar_t9accurate,,0,
139274743566135783,t9_ch_ar_accurate_t9_kill_detected_stunned_blinded,GUNSMITH,75,30,iw8_ar_t9accurate,,0,
134865936015619337,t9_ch_ar_accurate_t9_kill_enemy_taking_cover_from_you,GUNSMITH,50,40,iw8_ar_t9accurate,,0,
79246249743297074,t9_ch_ar_accurate_t9_multikill_2,GUNSMITH,25,50,iw8_ar_t9accurate,,0,
82753610496115536,t9_ch_ar_accurate_t9_challenges,GUNSMITH,35,,iw8_ar_t9accurate,,0,
81801291194391218,t9_ch_ar_accurate_t9_challenges_completed,GUNSMITH,1,,iw8_ar_t9accurate,,0,
99092779341767155,t9_ch_ar_slowfire_t9_ekia_for_weapon_mastery,GUNSMITH,500,,iw8_ar_t9slowfire,,0,
83599168784001161,t9_ch_ar_slowfire_t9_weapon_mastery_weapon_master,GUNSMITH,1,,iw8_ar_t9slowfire,,0,
111013793980328492,t9_ch_ar_slowfire_t9_ekia,GUNSMITH,300,1,iw8_ar_t9slowfire,,0,
137585021271852614,t9_ch_ar_slowfire_t9_headshots,GUNSMITH,100,5,iw8_ar_t9slowfire,,0,
123790066289472198,t9_ch_ar_slowfire_t9_killstreak_5,GUNSMITH,20,10,iw8_ar_t9slowfire,,0,
114453610943504330,t9_ch_ar_slowfire_t9_longshot_kill,GUNSMITH,50,20,iw8_ar_t9slowfire,,0,
128158373575414264,t9_ch_ar_slowfire_t9_kill_detected_stunned_blinded,GUNSMITH,75,30,iw8_ar_t9slowfire,,0,
93295955176165787,t9_ch_ar_slowfire_t9_kill_enemy_taking_cover_from_you,GUNSMITH,50,40,iw8_ar_t9slowfire,,0,
77654451332733799,t9_ch_ar_slowfire_t9_multikill_2,GUNSMITH,25,50,iw8_ar_t9slowfire,,0,
143209052336938230,t9_ch_ar_slowfire_t9_challenges,GUNSMITH,35,,iw8_ar_t9slowfire,,0,
101140086748965997,t9_ch_ar_slowfire_t9_challenges_completed,GUNSMITH,1,,iw8_ar_t9slowfire,,0,
106428885502896146,t9_ch_ar_fasthandling_t9_ekia_for_weapon_mastery,GUNSMITH,500,,iw8_ar_t9fasthandling,,0,
115767464289953676,t9_ch_ar_fasthandling_t9_weapon_mastery_weapon_master,GUNSMITH,1,,iw8_ar_t9fasthandling,,0,
77658466461744964,t9_ch_ar_fasthandling_t9_ekia,GUNSMITH,300,1,iw8_ar_t9fasthandling,,0,
106957189783463552,t9_ch_ar_fasthandling_t9_headshots,GUNSMITH,100,5,iw8_ar_t9fasthandling,,0,
140874571010500514,t9_ch_ar_fasthandling_t9_killstreak_5,GUNSMITH,20,10,iw8_ar_t9fasthandling,,0,
81817620714792596,t9_ch_ar_fasthandling_t9_longshot_kill,GUNSMITH,50,20,iw8_ar_t9fasthandling,,0,
122195112861791294,t9_ch_ar_fasthandling_t9_kill_detected_stunned_blinded,GUNSMITH,75,30,iw8_ar_t9fasthandling,,0,
93250415916336729,t9_ch_ar_fasthandling_t9_kill_enemy_taking_cover_from_you,GUNSMITH,50,40,iw8_ar_t9fasthandling,,0,
106145173601527255,t9_ch_ar_fasthandling_t9_multikill_2,GUNSMITH,25,50,iw8_ar_t9fasthandling,,0,
138751749179254327,t9_ch_ar_fasthandling_t9_challenges,GUNSMITH,35,,iw8_ar_t9fasthandling,,0,
116399581520856883,t9_ch_ar_fasthandling_t9_challenges_completed,GUNSMITH,1,,iw8_ar_t9fasthandling,,0,
115341044313965662,t9_ch_ar_slowhandling_t9_ekia_for_weapon_mastery,GUNSMITH,500,,iw8_ar_t9slowhandling,,0,
85689572442304724,t9_ch_ar_slowhandling_t9_weapon_mastery_weapon_master,GUNSMITH,1,,iw8_ar_t9slowhandling,,0,
135325453854842025,t9_ch_ar_slowhandling_t9_ekia,GUNSMITH,300,1,iw8_ar_t9slowhandling,,0,
79128174697061062,t9_ch_ar_slowhandling_t9_headshots,GUNSMITH,100,5,iw8_ar_t9slowhandling,,0,
90479525232637952,t9_ch_ar_slowhandling_t9_killstreak_5,GUNSMITH,20,10,iw8_ar_t9slowhandling,,0,
94850567887872698,t9_ch_ar_slowhandling_t9_longshot_kill,GUNSMITH,50,20,iw8_ar_t9slowhandling,,0,
74921819863210756,t9_ch_ar_slowhandling_t9_kill_detected_stunned_blinded,GUNSMITH,75,30,iw8_ar_t9slowhandling,,0,
128841403921205825,t9_ch_ar_slowhandling_t9_kill_enemy_taking_cover_from_you,GUNSMITH,50,40,iw8_ar_t9slowhandling,,0,
102869738944980057,t9_ch_ar_slowhandling_t9_multikill_2,GUNSMITH,25,50,iw8_ar_t9slowhandling,,0,
136253884803654510,t9_ch_ar_slowhandling_t9_challenges,GUNSMITH,35,,iw8_ar_t9slowhandling,,0,
128337389935491150,t9_ch_ar_slowhandling_t9_challenges_completed,GUNSMITH,1,,iw8_ar_t9slowhandling,,0,
79232160627616102,t9_ch_weapon_smg_ekia,GUNSMITH,1000,,,,0,
142803580414786441,t9_ch_weapon_smg_challenges_completed,GUNSMITH,5,,,,0,
78130807372119172,t9_ch_smg_standard_t9_ekia_for_weapon_mastery,GUNSMITH,500,,iw8_sm_t9standard,,0,
88485979647236194,t9_ch_smg_standard_t9_weapon_mastery_weapon_master,GUNSMITH,1,,iw8_sm_t9standard,,0,
137311796019539455,t9_ch_smg_standard_t9_ekia,GUNSMITH,300,1,iw8_sm_t9standard,,0,
79838843356180071,t9_ch_smg_standard_t9_headshots,GUNSMITH,75,5,iw8_sm_t9standard,,0,
121097191339814510,t9_ch_smg_standard_t9_killstreak_5,GUNSMITH,20,10,iw8_sm_t9standard,,0,
136087598052022420,t9_ch_smg_standard_t9_longshot_kill,GUNSMITH,50,20,iw8_sm_t9standard,,0,
100137815327170914,t9_ch_smg_standard_t9_kill_detected_stunned_blinded,GUNSMITH,75,30,iw8_sm_t9standard,,0,
116574200002357982,t9_ch_smg_standard_t9_point_blank_kill,GUNSMITH,75,40,iw8_sm_t9standard,,0,
123004783285076765,t9_ch_smg_standard_t9_multikill_2,GUNSMITH,25,50,iw8_sm_t9standard,,0,
127370045765649211,t9_ch_smg_standard_t9_challenges,GUNSMITH,35,,iw8_sm_t9standard,,0,
122930832350653969,t9_ch_smg_standard_t9_challenges_completed,GUNSMITH,1,,iw8_sm_t9standard,,0,
83497745024357129,t9_ch_smg_handling_t9_ekia_for_weapon_mastery,GUNSMITH,500,,iw8_sm_t9handling,,0,
130788808793778863,t9_ch_smg_handling_t9_weapon_mastery_weapon_master,GUNSMITH,1,,iw8_sm_t9handling,,0,
128694712002502156,t9_ch_smg_handling_t9_ekia,GUNSMITH,300,1,iw8_sm_t9handling,,0,
79288838662297545,t9_ch_smg_handling_t9_headshots,GUNSMITH,75,5,iw8_sm_t9handling,,0,
108811774804231130,t9_ch_smg_handling_t9_killstreak_5,GUNSMITH,20,10,iw8_sm_t9handling,,0,
88269278865722716,t9_ch_smg_handling_t9_longshot_kill,GUNSMITH,50,20,iw8_sm_t9handling,,0,
74223114362313665,t9_ch_smg_handling_t9_kill_detected_stunned_blinded,GUNSMITH,75,30,iw8_sm_t9handling,,0,
85759430361525739,t9_ch_smg_handling_t9_point_blank_kill,GUNSMITH,75,40,iw8_sm_t9handling,,0,
113492548327725157,t9_ch_smg_handling_t9_multikill_2,GUNSMITH,25,50,iw8_sm_t9handling,,0,
117417594301187381,t9_ch_smg_handling_t9_challenges,GUNSMITH,35,,iw8_sm_t9handling,,0,
83419371977244373,t9_ch_smg_handling_t9_challenges_completed,GUNSMITH,1,,iw8_sm_t9handling,,0,
102987461219909977,t9_ch_smg_heavy_t9_ekia_for_weapon_mastery,GUNSMITH,500,,iw8_sm_t9heavy,,0,
111768599787516924,t9_ch_smg_heavy_t9_weapon_mastery_weapon_master,GUNSMITH,1,,iw8_sm_t9heavy,,0,
84327677435283829,t9_ch_smg_heavy_t9_ekia,GUNSMITH,300,1,iw8_sm_t9heavy,,0,
120524187099548778,t9_ch_smg_heavy_t9_headshots,GUNSMITH,75,5,iw8_sm_t9heavy,,0,
89616491329240759,t9_ch_smg_heavy_t9_killstreak_5,GUNSMITH,20,10,iw8_sm_t9heavy,,0,
134276447023750723,t9_ch_smg_heavy_t9_longshot_kill,GUNSMITH,50,20,iw8_sm_t9heavy,,0,
127997379093139908,t9_ch_smg_heavy_t9_kill_detected_stunned_blinded,GUNSMITH,75,30,iw8_sm_t9heavy,,0,
109161127772400206,t9_ch_smg_heavy_t9_point_blank_kill,GUNSMITH,75,40,iw8_sm_t9heavy,,0,
122757282400470884,t9_ch_smg_heavy_t9_multikill_2,GUNSMITH,25,50,iw8_sm_t9heavy,,0,
79275865241649799,t9_ch_smg_heavy_t9_challenges,GUNSMITH,35,,iw8_sm_t9heavy,,0,
114438358365755546,t9_ch_smg_heavy_t9_challenges_completed,GUNSMITH,1,,iw8_sm_t9heavy,,0,
135018723858876614,t9_ch_smg_burst_t9_ekia_for_weapon_mastery,GUNSMITH,500,,iw8_sm_t9burst,,0,
81381483039102788,t9_ch_smg_burst_t9_weapon_mastery_weapon_master,GUNSMITH,1,,iw8_sm_t9burst,,0,
95766365268674950,t9_ch_smg_burst_t9_ekia,GUNSMITH,300,1,iw8_sm_t9burst,,0,
124316757634514257,t9_ch_smg_burst_t9_headshots,GUNSMITH,75,5,iw8_sm_t9burst,,0,
93546177522119137,t9_ch_smg_burst_t9_killstreak_5,GUNSMITH,20,10,iw8_sm_t9burst,,0,
100797532282526334,t9_ch_smg_burst_t9_longshot_kill,GUNSMITH,50,20,iw8_sm_t9burst,,0,
121820696677457489,t9_ch_smg_burst_t9_kill_detected_stunned_blinded,GUNSMITH,75,30,iw8_sm_t9burst,,0,
89235322631934516,t9_ch_smg_burst_t9_point_blank_kill,GUNSMITH,75,40,iw8_sm_t9burst,,0,
85714132589447917,t9_ch_smg_burst_t9_multikill_2,GUNSMITH,25,50,iw8_sm_t9burst,,0,
89532367936135690,t9_ch_smg_burst_t9_challenges,GUNSMITH,35,,iw8_sm_t9burst,,0,
141306555682603796,t9_ch_smg_burst_t9_challenges_completed,GUNSMITH,1,,iw8_sm_t9burst,,0,
98377731709801761,t9_ch_smg_capacity_t9_ekia_for_weapon_mastery,GUNSMITH,500,,iw8_sm_t9capacity,,0,
87341174256423650,t9_ch_smg_capacity_t9_weapon_mastery_weapon_master,GUNSMITH,1,,iw8_sm_t9capacity,,0,
140802092319023840,t9_ch_smg_capacity_t9_ekia,GUNSMITH,300,1,iw8_sm_t9capacity,,0,
86895824926325033,t9_ch_smg_capacity_t9_headshots,GUNSMITH,75,5,iw8_sm_t9capacity,,0,
103426668802345242,t9_ch_smg_capacity_t9_killstreak_5,GUNSMITH,20,10,iw8_sm_t9capacity,,0,
88997254237637470,t9_ch_smg_capacity_t9_longshot_kill,GUNSMITH,50,20,iw8_sm_t9capacity,,0,
132473732497787679,t9_ch_smg_capacity_t9_kill_detected_stunned_blinded,GUNSMITH,75,30,iw8_sm_t9capacity,,0,
72591387296213984,t9_ch_smg_capacity_t9_point_blank_kill,GUNSMITH,75,40,iw8_sm_t9capacity,,0,
119227102834066505,t9_ch_smg_capacity_t9_multikill_2,GUNSMITH,25,50,iw8_sm_t9capacity,,0,
96069036694865670,t9_ch_smg_capacity_t9_challenges,GUNSMITH,35,,iw8_sm_t9capacity,,0,
120667564792169577,t9_ch_smg_capacity_t9_challenges_completed,GUNSMITH,1,,iw8_sm_t9capacity,,0,
93914026336655270,t9_ch_smg_fastfire_t9_ekia_for_weapon_mastery,GUNSMITH,500,,iw8_sm_t9fastfire,,0,
101128090131239760,t9_ch_smg_fastfire_t9_weapon_mastery_weapon_master,GUNSMITH,1,,iw8_sm_t9fastfire,,0,
123760229324072337,t9_ch_smg_fastfire_t9_ekia,GUNSMITH,300,1,iw8_sm_t9fastfire,,0,
141646296648209857,t9_ch_smg_fastfire_t9_headshots,GUNSMITH,75,5,iw8_sm_t9fastfire,,0,
98036937892247862,t9_ch_smg_fastfire_t9_killstreak_5,GUNSMITH,20,10,iw8_sm_t9fastfire,,0,
91801279963312151,t9_ch_smg_fastfire_t9_longshot_kill,GUNSMITH,50,20,iw8_sm_t9fastfire,,0,
143534043303425302,t9_ch_smg_fastfire_t9_kill_detected_stunned_blinded,GUNSMITH,75,30,iw8_sm_t9fastfire,,0,
89233688963630607,t9_ch_smg_fastfire_t9_point_blank_kill,GUNSMITH,75,40,iw8_sm_t9fastfire,,0,
129788930261336208,t9_ch_smg_fastfire_t9_multikill_2,GUNSMITH,25,50,iw8_sm_t9fastfire,,0,
107914600789246609,t9_ch_smg_fastfire_t9_challenges,GUNSMITH,35,,iw8_sm_t9fastfire,,0,
104061505612299095,t9_ch_smg_fastfire_t9_challenges_completed,GUNSMITH,1,,iw8_sm_t9fastfire,,0,
127552378465589973,t9_ch_smg_spray_t9_ekia_for_weapon_mastery,GUNSMITH,500,,iw8_sm_t9spray,,0,
126268880297971361,t9_ch_smg_spray_t9_weapon_mastery_weapon_master,GUNSMITH,1,,iw8_sm_t9spray,,0,
88728114590227948,t9_ch_smg_spray_t9_ekia,GUNSMITH,300,1,iw8_sm_t9spray,,0,
85465543007909303,t9_ch_smg_spray_t9_headshots,GUNSMITH,75,5,iw8_sm_t9spray,,0,
108095689317046335,t9_ch_smg_spray_t9_killstreak_5,GUNSMITH,20,10,iw8_sm_t9spray,,0,
143301346012949909,t9_ch_smg_spray_t9_longshot_kill,GUNSMITH,50,20,iw8_sm_t9spray,,0,
139959909892533873,t9_ch_smg_spray_t9_kill_detected_stunned_blinded,GUNSMITH,75,30,iw8_sm_t9spray,,0,
132001248445642847,t9_ch_smg_spray_t9_point_blank_kill,GUNSMITH,75,40,iw8_sm_t9spray,,0,
108936518955010851,t9_ch_smg_spray_t9_multikill_2,GUNSMITH,25,50,iw8_sm_t9spray,,0,
119187542343594559,t9_ch_smg_spray_t9_challenges,GUNSMITH,35,,iw8_sm_t9spray,,0,
108315966007754291,t9_ch_smg_spray_t9_challenges_completed,GUNSMITH,1,,iw8_sm_t9spray,,0,
138498977537622500,t9_ch_smg_accurate_t9_ekia_for_weapon_mastery,GUNSMITH,500,,iw8_sm_t9accurate,,0,
88397975322498283,t9_ch_smg_accurate_t9_weapon_mastery_weapon_master,GUNSMITH,1,,iw8_sm_t9accurate,,0,
136052412459988962,t9_ch_smg_accurate_t9_ekia,GUNSMITH,300,1,iw8_sm_t9accurate,,0,
133373086555500168,t9_ch_smg_accurate_t9_headshots,GUNSMITH,75,5,iw8_sm_t9accurate,,0,
85689312540160561,t9_ch_smg_accurate_t9_killstreak_5,GUNSMITH,20,10,iw8_sm_t9accurate,,0,
141324686823965912,t9_ch_smg_accurate_t9_longshot_kill,GUNSMITH,50,20,iw8_sm_t9accurate,,0,
132929264141302633,t9_ch_smg_accurate_t9_kill_detected_stunned_blinded,GUNSMITH,75,30,iw8_sm_t9accurate,,0,
135092564999579172,t9_ch_smg_accurate_t9_point_blank_kill,GUNSMITH,75,40,iw8_sm_t9accurate,,0,
125466466577155707,t9_ch_smg_accurate_t9_multikill_2,GUNSMITH,25,50,iw8_sm_t9accurate,,0,
112411147511809344,t9_ch_smg_accurate_t9_challenges,GUNSMITH,35,,iw8_sm_t9accurate,,0,
108222246679047432,t9_ch_smg_accurate_t9_challenges_completed,GUNSMITH,1,,iw8_sm_t9accurate,,0,
108199279166268307,t9_ch_weapon_tactical_ekia,GUNSMITH,1000,,,,0,
77682846068514753,t9_ch_weapon_tactical_challenges_completed,GUNSMITH,4,,,,0,
106474483427081081,t9_ch_tr_powerburst_t9_ekia_for_weapon_mastery,GUNSMITH,500,,iw8_sm_t9powerburst,,0,
115127956444987150,t9_ch_tr_powerburst_t9_weapon_mastery_weapon_master,GUNSMITH,1,,iw8_sm_t9powerburst,,0,
94819854379993884,t9_ch_tr_powerburst_t9_ekia,GUNSMITH,300,1,iw8_sm_t9powerburst,,0,
83873588011984769,t9_ch_tr_powerburst_t9_headshots,GUNSMITH,100,5,iw8_sm_t9powerburst,,0,
131795523914403776,t9_ch_tr_powerburst_t9_killstreak_5,GUNSMITH,20,10,iw8_sm_t9powerburst,,0,
115494750660724174,t9_ch_tr_powerburst_t9_longshot_kill,GUNSMITH,50,20,iw8_sm_t9powerburst,,0,
109910262311241430,t9_ch_tr_powerburst_t9_kill_detected_stunned_blinded,GUNSMITH,75,30,iw8_sm_t9powerburst,,0,
99249332035140680,t9_ch_tr_powerburst_t9_kill_enemy_taking_cover_from_you,GUNSMITH,50,40,iw8_sm_t9powerburst,,0,
121786533227729209,t9_ch_tr_powerburst_t9_multikill_2,GUNSMITH,25,50,iw8_sm_t9powerburst,,0,
138494683831787772,t9_ch_tr_powerburst_t9_challenges,GUNSMITH,35,,iw8_sm_t9powerburst,,0,
125055346345274892,t9_ch_tr_powerburst_t9_challenges_completed,GUNSMITH,1,,iw8_sm_t9powerburst,,0,
75370731000920604,t9_ch_tr_longburst_t9_ekia_for_weapon_mastery,GUNSMITH,500,,iw8_ar_t9longburst,,0,
100468930874341782,t9_ch_tr_longburst_t9_weapon_mastery_weapon_master,GUNSMITH,1,,iw8_ar_t9longburst,,0,
74708756795837264,t9_ch_tr_longburst_t9_ekia,GUNSMITH,300,1,iw8_ar_t9longburst,,0,
107169980065550800,t9_ch_tr_longburst_t9_headshots,GUNSMITH,100,5,iw8_ar_t9longburst,,0,
104104279014787457,t9_ch_tr_longburst_t9_killstreak_5,GUNSMITH,20,10,iw8_ar_t9longburst,,0,
96230262866957135,t9_ch_tr_longburst_t9_longshot_kill,GUNSMITH,50,20,iw8_ar_t9longburst,,0,
135293110890022304,t9_ch_tr_longburst_t9_kill_detected_stunned_blinded,GUNSMITH,75,30,iw8_ar_t9longburst,,0,
112221855318898295,t9_ch_tr_longburst_t9_kill_enemy_taking_cover_from_you,GUNSMITH,50,40,iw8_ar_t9longburst,,0,
137922184505857551,t9_ch_tr_longburst_t9_multikill_2,GUNSMITH,25,50,iw8_ar_t9longburst,,0,
122374736366809037,t9_ch_tr_longburst_t9_challenges,GUNSMITH,35,,iw8_ar_t9longburst,,0,
113368285045832366,t9_ch_tr_longburst_t9_challenges_completed,GUNSMITH,1,,iw8_ar_t9longburst,,0,
135525385318835235,t9_ch_tr_damagesemi_t9_ekia_for_weapon_mastery,GUNSMITH,500,,iw8_sn_t9damagesemi,,0,
125861570982641178,t9_ch_tr_damagesemi_t9_weapon_mastery_weapon_master,GUNSMITH,1,,iw8_sn_t9damagesemi,,0,
108371586336237218,t9_ch_tr_damagesemi_t9_ekia,GUNSMITH,300,1,iw8_sn_t9damagesemi,,0,
90858117690343821,t9_ch_tr_damagesemi_t9_headshots,GUNSMITH,100,5,iw8_sn_t9damagesemi,,0,
76669297390603870,t9_ch_tr_damagesemi_t9_killstreak_5,GUNSMITH,20,10,iw8_sn_t9damagesemi,,0,
125494558255516242,t9_ch_tr_damagesemi_t9_longshot_kill,GUNSMITH,50,20,iw8_sn_t9damagesemi,,0,
76622470031949738,t9_ch_tr_damagesemi_t9_kill_detected_stunned_blinded,GUNSMITH,75,30,iw8_sn_t9damagesemi,,0,
107189948072076096,t9_ch_tr_damagesemi_t9_kill_enemy_taking_cover_from_you,GUNSMITH,50,40,iw8_sn_t9damagesemi,,0,
77629643544439526,t9_ch_tr_damagesemi_t9_multikill_2,GUNSMITH,25,50,iw8_sn_t9damagesemi,,0,
101838117498329163,t9_ch_tr_damagesemi_t9_challenges,GUNSMITH,35,,iw8_sn_t9damagesemi,,0,
128496867969677562,t9_ch_tr_damagesemi_t9_challenges_completed,GUNSMITH,1,,iw8_sn_t9damagesemi,,0,
125627819674533060,t9_ch_tr_precisionsemi_t9_ekia_for_weapon_mastery,GUNSMITH,500,,iw8_sn_t9damagesemi,,0,
105056942973985879,t9_ch_tr_precisionsemi_t9_weapon_mastery_weapon_master,GUNSMITH,1,,iw8_sn_t9precisionsemi,,0,
109183998373272429,t9_ch_tr_precisionsemi_t9_ekia,GUNSMITH,300,1,iw8_sn_t9precisionsemi,,0,
137983668591865000,t9_ch_tr_precisionsemi_t9_headshots,GUNSMITH,100,5,iw8_sn_t9precisionsemi,,0,
97627570491075478,t9_ch_tr_precisionsemi_t9_killstreak_5,GUNSMITH,20,10,iw8_sn_t9precisionsemi,,0,
116946886956124737,t9_ch_tr_precisionsemi_t9_longshot_kill,GUNSMITH,50,20,iw8_sn_t9precisionsemi,,0,
92381966864717729,t9_ch_tr_precisionsemi_t9_kill_detected_stunned_blinded,GUNSMITH,75,30,iw8_sn_t9precisionsemi,,0,
81674099793845776,t9_ch_tr_precisionsemi_t9_kill_enemy_taking_cover_from_you,GUNSMITH,50,40,iw8_sn_t9precisionsemi,,0,
104776075018482710,t9_ch_tr_precisionsemi_t9_multikill_2,GUNSMITH,25,50,iw8_sn_t9precisionsemi,,0,
103639307296969035,t9_ch_tr_precisionsemi_t9_challenges,GUNSMITH,35,,iw8_sn_t9precisionsemi,,0,
114282492919544553,t9_ch_tr_precisionsemi_t9_challenges_completed,GUNSMITH,1,,iw8_sn_t9precisionsemi,,0,
113046601007156826,t9_ch_tr_fastburst_t9_ekia_for_weapon_mastery,GUNSMITH,500,,iw8_sn_t9precisionsemi,,0,
109627925895250135,t9_ch_tr_fastburst_t9_weapon_mastery_weapon_master,GUNSMITH,1,,,,0,
129795718894264675,t9_ch_tr_fastburst_t9_ekia,GUNSMITH,300,1,,,0,
88014037240594325,t9_ch_tr_fastburst_t9_headshots,GUNSMITH,100,5,,,0,
95976669330201932,t9_ch_tr_fastburst_t9_killstreak_5,GUNSMITH,20,10,,,0,
138276865600263714,t9_ch_tr_fastburst_t9_longshot_kill,GUNSMITH,50,20,,,0,
129463022891930887,t9_ch_tr_fastburst_t9_kill_detected_stunned_blinded,GUNSMITH,75,30,,,0,
138810950426732218,t9_ch_tr_fastburst_t9_kill_enemy_taking_cover_from_you,GUNSMITH,50,40,,,0,
108524676521346170,t9_ch_tr_fastburst_t9_multikill_2,GUNSMITH,25,50,,,0,
123325386864716899,t9_ch_tr_fastburst_t9_challenges,GUNSMITH,35,,,,0,
115242986892666186,t9_ch_tr_fastburst_t9_challenges_completed,GUNSMITH,1,,,,0,
117687078566091606,t9_ch_weapon_lmg_ekia,GUNSMITH,1000,,,,0,
133735125417187514,t9_ch_weapon_lmg_challenges_completed,GUNSMITH,3,,,,0,
80136951656436208,t9_ch_lmg_accurate_t9_ekia_for_weapon_mastery,GUNSMITH,500,,iw8_lm_t9accurate,,0,
132606678054187255,t9_ch_lmg_accurate_t9_weapon_mastery_weapon_master,GUNSMITH,1,,iw8_lm_t9accurate,,0,
114082507099623452,t9_ch_lmg_accurate_t9_ekia,GUNSMITH,300,1,iw8_lm_t9accurate,,0,
137938899657982491,t9_ch_lmg_accurate_t9_headshots,GUNSMITH,100,5,iw8_lm_t9accurate,,0,
86798378325003086,t9_ch_lmg_accurate_t9_killstreak_5,GUNSMITH,20,10,iw8_lm_t9accurate,,0,
81306881202063617,t9_ch_lmg_accurate_t9_longshot_kill,GUNSMITH,50,20,iw8_lm_t9accurate,,0,
90827228758784129,t9_ch_lmg_accurate_t9_kill_detected_stunned_blinded,GUNSMITH,75,30,iw8_lm_t9accurate,,0,
95559146853083956,t9_ch_lmg_accurate_t9_kill_enemy_taking_cover_from_you,GUNSMITH,50,40,iw8_lm_t9accurate,,0,
128871351804182675,t9_ch_lmg_accurate_t9_multikill_2,GUNSMITH,25,50,iw8_lm_t9accurate,,0,
78405666405678793,t9_ch_lmg_accurate_t9_challenges,GUNSMITH,35,,iw8_lm_t9accurate,,0,
118725954156169491,t9_ch_lmg_accurate_t9_challenges_completed,GUNSMITH,1,,iw8_lm_t9accurate,,0,
77401766991846109,t9_ch_lmg_slowfire_t9_ekia_for_weapon_mastery,GUNSMITH,500,,iw8_lm_t9slowfire,,0,
137279409841741054,t9_ch_lmg_slowfire_t9_weapon_mastery_weapon_master,GUNSMITH,1,,iw8_lm_t9slowfire,,0,
94207040569205075,t9_ch_lmg_slowfire_t9_ekia,GUNSMITH,300,1,iw8_lm_t9slowfire,,0,
122050902322301419,t9_ch_lmg_slowfire_t9_headshots,GUNSMITH,100,5,iw8_lm_t9slowfire,,0,
101457393862495000,t9_ch_lmg_slowfire_t9_killstreak_5,GUNSMITH,20,10,iw8_lm_t9slowfire,,0,
86952701823225747,t9_ch_lmg_slowfire_t9_longshot_kill,GUNSMITH,50,20,iw8_lm_t9slowfire,,0,
102559011005501672,t9_ch_lmg_slowfire_t9_kill_detected_stunned_blinded,GUNSMITH,75,30,iw8_lm_t9slowfire,,0,
84476044669788970,t9_ch_lmg_slowfire_t9_kill_enemy_taking_cover_from_you,GUNSMITH,50,40,iw8_lm_t9slowfire,,0,
90698571042909290,t9_ch_lmg_slowfire_t9_multikill_2,GUNSMITH,25,50,iw8_lm_t9slowfire,,0,
83889582368592956,t9_ch_lmg_slowfire_t9_challenges,GUNSMITH,35,,iw8_lm_t9slowfire,,0,
84734758289089819,t9_ch_lmg_slowfire_t9_challenges_completed,GUNSMITH,1,,iw8_lm_t9slowfire,,0,
92437352193276523,t9_ch_lmg_light_t9_ekia_for_weapon_mastery,GUNSMITH,500,,iw8_lm_t9light,,0,
122147761163082835,t9_ch_lmg_light_t9_weapon_mastery_weapon_master,GUNSMITH,1,,iw8_lm_t9light,,0,
133242124675308463,t9_ch_lmg_light_t9_ekia,GUNSMITH,300,1,iw8_lm_t9light,,0,
93231917728984054,t9_ch_lmg_light_t9_headshots,GUNSMITH,100,5,iw8_lm_t9light,,0,
124033184616404848,t9_ch_lmg_light_t9_killstreak_5,GUNSMITH,20,10,iw8_lm_t9light,,0,
92601853172507649,t9_ch_lmg_light_t9_longshot_kill,GUNSMITH,50,20,iw8_lm_t9light,,0,
78373094355334280,t9_ch_lmg_light_t9_kill_detected_stunned_blinded,GUNSMITH,75,30,iw8_lm_t9light,,0,
73730603752951314,t9_ch_lmg_light_t9_kill_enemy_taking_cover_from_you,GUNSMITH,50,40,iw8_lm_t9light,,0,
141369855615424824,t9_ch_lmg_light_t9_multikill_2,GUNSMITH,25,50,iw8_lm_t9light,,0,
103758904235541560,t9_ch_lmg_light_t9_challenges,GUNSMITH,35,,iw8_lm_t9light,,0,
95917406227513509,t9_ch_lmg_light_t9_challenges_completed,GUNSMITH,1,,iw8_lm_t9light,,0,
117479164878758234,t9_ch_lmg_fastfire_t9_ekia_for_weapon_mastery,GUNSMITH,500,,iw8_lm_t9fastfire,,0,
113963300417768146,t9_ch_lmg_fastfire_t9_weapon_mastery_weapon_master,GUNSMITH,1,,iw8_lm_t9fastfire,,0,
131436495489653179,t9_ch_lmg_fastfire_t9_ekia,GUNSMITH,300,1,iw8_lm_t9fastfire,,0,
139346964367219844,t9_ch_lmg_fastfire_t9_headshots,GUNSMITH,100,5,iw8_lm_t9fastfire,,0,
88971411730632985,t9_ch_lmg_fastfire_t9_killstreak_5,GUNSMITH,20,10,iw8_lm_t9fastfire,,0,
94089468879099642,t9_ch_lmg_fastfire_t9_longshot_kill,GUNSMITH,50,20,iw8_lm_t9fastfire,,0,
95214965240212704,t9_ch_lmg_fastfire_t9_kill_detected_stunned_blinded,GUNSMITH,75,30,iw8_lm_t9fastfire,,0,
129207498573066648,t9_ch_lmg_fastfire_t9_kill_enemy_taking_cover_from_you,GUNSMITH,50,40,iw8_lm_t9fastfire,,0,
81933528700614898,t9_ch_lmg_fastfire_t9_multikill_2,GUNSMITH,25,50,iw8_lm_t9fastfire,,0,
84198357913648348,t9_ch_lmg_fastfire_t9_challenges,GUNSMITH,35,,iw8_lm_t9fastfire,,0,
93033057968340965,t9_ch_lmg_fastfire_t9_challenges_completed,GUNSMITH,1,,iw8_lm_t9fastfire,,0,
127076567157853081,t9_ch_weapon_sniper_ekia,GUNSMITH,1000,,,,0,
72333347746049753,t9_ch_weapon_sniper_challenges_completed,GUNSMITH,3,,,,0,
124193843223021748,t9_ch_sniper_standard_t9_ekia_for_weapon_mastery,GUNSMITH,500,,iw8_sn_t9standard,,0,
96484050599381524,t9_ch_sniper_standard_t9_weapon_mastery_weapon_master,GUNSMITH,1,,iw8_sn_t9standard,,0,
133184611301183317,t9_ch_sniper_standard_t9_ekia,GUNSMITH,200,1,iw8_sn_t9standard,,0,
101062526107535574,t9_ch_sniper_standard_t9_headshots,GUNSMITH,50,5,iw8_sn_t9standard,,0,
78154332580541531,t9_ch_sniper_standard_t9_killstreak_5,GUNSMITH,20,10,iw8_sn_t9standard,,0,
116289372585536628,t9_ch_sniper_standard_t9_longshot_kill,GUNSMITH,50,20,iw8_sn_t9standard,,0,
100047969895723394,t9_ch_sniper_standard_t9_kill_enemy_while_holding_breath,GUNSMITH,50,30,iw8_sn_t9standard,,0,
129038288026383484,t9_ch_sniper_standard_t9_kill_enemy_one_bullet_sniper,GUNSMITH,50,40,iw8_sn_t9standard,,0,
128848078309458793,t9_ch_sniper_standard_t9_multikill_2,GUNSMITH,25,50,iw8_sn_t9standard,,0,
95499958111098196,t9_ch_sniper_standard_t9_challenges,GUNSMITH,35,,iw8_sn_t9standard,,0,
114818263705116164,t9_ch_sniper_standard_t9_challenges_completed,GUNSMITH,1,,iw8_sn_t9standard,,0,
98341635189125177,t9_ch_sniper_quickscope_t9_ekia_for_weapon_mastery,GUNSMITH,500,,iw8_sn_t9quickscope,,0,
87642472399676283,t9_ch_sniper_quickscope_t9_weapon_mastery_weapon_master,GUNSMITH,1,,iw8_sn_t9quickscope,,0,
86637061512178921,t9_ch_sniper_quickscope_t9_ekia,GUNSMITH,200,1,iw8_sn_t9quickscope,,0,
102650578833373144,t9_ch_sniper_quickscope_t9_headshots,GUNSMITH,50,5,iw8_sn_t9quickscope,,0,
107777516811686251,t9_ch_sniper_quickscope_t9_killstreak_5,GUNSMITH,20,10,iw8_sn_t9quickscope,,0,
133138753845265803,t9_ch_sniper_quickscope_t9_longshot_kill,GUNSMITH,50,20,iw8_sn_t9quickscope,,0,
135551441841557163,t9_ch_sniper_quickscope_t9_kill_enemy_while_holding_breath,GUNSMITH,50,30,iw8_sn_t9quickscope,,0,
106661361579728924,t9_ch_sniper_quickscope_t9_kill_enemy_one_bullet_sniper,GUNSMITH,50,40,iw8_sn_t9quickscope,,0,
143479131046912121,t9_ch_sniper_quickscope_t9_multikill_2,GUNSMITH,25,50,iw8_sn_t9quickscope,,0,
92783601211549325,t9_ch_sniper_quickscope_t9_challenges,GUNSMITH,35,,iw8_sn_t9quickscope,,0,
116822551476500125,t9_ch_sniper_quickscope_t9_challenges_completed,GUNSMITH,1,,iw8_sn_t9quickscope,,0,
126324919309411793,t9_ch_sniper_powersemi_t9_ekia_for_weapon_mastery,GUNSMITH,500,,iw8_sn_t9powersemi,,0,
124970004325104844,t9_ch_sniper_powersemi_t9_weapon_mastery_weapon_master,GUNSMITH,1,,iw8_sn_t9powersemi,,0,
129380774745391090,t9_ch_sniper_powersemi_t9_ekia,GUNSMITH,200,1,iw8_sn_t9powersemi,,0,
72099587598794629,t9_ch_sniper_powersemi_t9_headshots,GUNSMITH,50,5,iw8_sn_t9powersemi,,0,
73386616496090395,t9_ch_sniper_powersemi_t9_killstreak_5,GUNSMITH,20,10,iw8_sn_t9powersemi,,0,
102442795318463215,t9_ch_sniper_powersemi_t9_longshot_kill,GUNSMITH,50,20,iw8_sn_t9powersemi,,0,
76464117087085240,t9_ch_sniper_powersemi_t9_kill_enemy_while_holding_breath,GUNSMITH,50,30,iw8_sn_t9powersemi,,0,
122650203406192453,t9_ch_sniper_powersemi_t9_kill_enemy_one_bullet_sniper,GUNSMITH,50,40,iw8_sn_t9powersemi,,0,
135985086323409153,t9_ch_sniper_powersemi_t9_multikill_2,GUNSMITH,25,50,iw8_sn_t9powersemi,,0,
122769144021365598,t9_ch_sniper_powersemi_t9_challenges,GUNSMITH,35,,iw8_sn_t9powersemi,,0,
125044281106063296,t9_ch_sniper_powersemi_t9_challenges_completed,GUNSMITH,1,,iw8_sn_t9powersemi,,0,
109705783339596561,t9_ch_sniper_cannon_t9_ekia_for_weapon_mastery,GUNSMITH,500,,iw8_sn_t9cannon,,0,
82796142028509021,t9_ch_sniper_cannon_t9_weapon_mastery_weapon_master,GUNSMITH,1,,iw8_sn_t9cannon,,0,
79628259943641039,t9_ch_sniper_cannon_t9_ekia,GUNSMITH,200,1,iw8_sn_t9cannon,,0,
143415999329840420,t9_ch_sniper_cannon_t9_headshots,GUNSMITH,50,5,iw8_sn_t9cannon,,0,
91533501405455563,t9_ch_sniper_cannon_t9_killstreak_5,GUNSMITH,20,10,iw8_sn_t9cannon,,0,
105998164305141196,t9_ch_sniper_cannon_t9_longshot_kill,GUNSMITH,50,20,iw8_sn_t9cannon,,0,
100462074272425099,t9_ch_sniper_cannon_t9_kill_enemy_while_holding_breath,GUNSMITH,50,30,iw8_sn_t9cannon,,0,
126774066608207026,t9_ch_sniper_cannon_t9_kill_enemy_one_bullet_sniper,GUNSMITH,50,40,iw8_sn_t9cannon,,0,
106002914857047500,t9_ch_sniper_cannon_t9_multikill_2,GUNSMITH,25,50,iw8_sn_t9cannon,,0,
139047010191305578,t9_ch_sniper_cannon_t9_challenges,GUNSMITH,35,,iw8_sn_t9cannon,,0,
88678301165720017,t9_ch_sniper_cannon_t9_challenges_completed,GUNSMITH,1,,iw8_sn_t9cannon,,0,
132076305541913269,t9_ch_sniper_accurate_t9_ekia_for_weapon_mastery,GUNSMITH,500,,iw8_sn_t9accurate,,0,
115172601528712364,t9_ch_sniper_accurate_t9_weapon_mastery_weapon_master,GUNSMITH,1,,iw8_sn_t9accurate,,0,
117138108947845039,t9_ch_sniper_accurate_t9_ekia,GUNSMITH,200,1,iw8_sn_t9accurate,,0,
83004276411169926,t9_ch_sniper_accurate_t9_headshots,GUNSMITH,50,5,iw8_sn_t9accurate,,0,
117630839200874011,t9_ch_sniper_accurate_t9_killstreak_5,GUNSMITH,20,10,iw8_sn_t9accurate,,0,
89350601563174512,t9_ch_sniper_accurate_t9_longshot_kill,GUNSMITH,50,20,iw8_sn_t9accurate,,0,
77697386221108124,t9_ch_sniper_accurate_t9_kill_enemy_while_holding_breath,GUNSMITH,50,30,iw8_sn_t9accurate,,0,
134746156870997121,t9_ch_sniper_accurate_t9_kill_enemy_one_bullet_sniper,GUNSMITH,50,40,iw8_sn_t9accurate,,0,
116619470354174809,t9_ch_sniper_accurate_t9_multikill_2,GUNSMITH,25,50,iw8_sn_t9accurate,,0,
97916203722170968,t9_ch_sniper_accurate_t9_challenges,GUNSMITH,35,,iw8_sn_t9accurate,,0,
120405017131934407,t9_ch_sniper_accurate_t9_challenges_completed,GUNSMITH,1,,iw8_sn_t9accurate,,0,
104397609671886184,t9_ch_weapon_pistol_ekia,GUNSMITH,1000,,,,0,
139812183964841482,t9_ch_weapon_pistol_challenges_completed,GUNSMITH,3,,,,0,
130433015646061177,t9_ch_pistol_semiauto_t9_ekia_for_weapon_mastery,GUNSMITH,500,,iw8_pi_t9semiauto,,0,
100993186411941137,t9_ch_pistol_semiauto_t9_weapon_mastery_weapon_master,GUNSMITH,1,,iw8_pi_t9semiauto,,0,
100146053472626178,t9_ch_pistol_semiauto_t9_ekia,GUNSMITH,150,1,iw8_pi_t9semiauto,,0,
74147765378034178,t9_ch_pistol_semiauto_t9_headshots,GUNSMITH,50,5,iw8_pi_t9semiauto,,0,
82043502291853920,t9_ch_pistol_semiauto_t9_killstreak_5,GUNSMITH,20,10,iw8_pi_t9semiauto,,0,
113942014804998479,t9_ch_pistol_semiauto_t9_longshot_kill,GUNSMITH,25,15,iw8_pi_t9semiauto,,0,
112736135306174436,t9_ch_pistol_semiauto_t9_kill_detected_stunned_blinded,GUNSMITH,25,20,iw8_pi_t9semiauto,,0,
140190638365438701,t9_ch_pistol_semiauto_t9_kill_enemy_taking_cover_from_you,GUNSMITH,25,25,iw8_pi_t9semiauto,,0,
89406300109885537,t9_ch_pistol_semiauto_t9_multikill_2,GUNSMITH,25,30,iw8_pi_t9semiauto,,0,
98470241426503458,t9_ch_pistol_semiauto_t9_challenges,GUNSMITH,35,,iw8_pi_t9semiauto,,0,
82997650437603991,t9_ch_pistol_semiauto_t9_challenges_completed,GUNSMITH,1,,iw8_pi_t9semiauto,,0,
136933720730962429,t9_ch_pistol_burst_t9_ekia_for_weapon_mastery,GUNSMITH,500,,iw8_pi_t9burst,,0,
93223692293733927,t9_ch_pistol_burst_t9_weapon_mastery_weapon_master,GUNSMITH,1,,iw8_pi_t9burst,,0,
98414643879972147,t9_ch_pistol_burst_t9_ekia,GUNSMITH,150,1,iw8_pi_t9burst,,0,
130485958748822112,t9_ch_pistol_burst_t9_headshots,GUNSMITH,50,5,iw8_pi_t9burst,,0,
107567321059376191,t9_ch_pistol_burst_t9_killstreak_5,GUNSMITH,20,10,iw8_pi_t9burst,,0,
97680350800797101,t9_ch_pistol_burst_t9_longshot_kill,GUNSMITH,25,15,iw8_pi_t9burst,,0,
76879579188949525,t9_ch_pistol_burst_t9_kill_detected_stunned_blinded,GUNSMITH,25,20,iw8_pi_t9burst,,0,
85220909559683607,t9_ch_pistol_burst_t9_kill_enemy_taking_cover_from_you,GUNSMITH,25,25,iw8_pi_t9burst,,0,
99517691452511085,t9_ch_pistol_burst_t9_multikill_2,GUNSMITH,25,30,iw8_pi_t9burst,,0,
73587769214082066,t9_ch_pistol_burst_t9_challenges,GUNSMITH,35,,iw8_pi_t9burst,,0,
104450997346637929,t9_ch_pistol_burst_t9_challenges_completed,GUNSMITH,1,,iw8_pi_t9burst,,0,
91842592580434040,t9_ch_pistol_fullauto_t9_ekia_for_weapon_mastery,GUNSMITH,500,,iw8_pi_t9fullauto,,0,
127518840067355120,t9_ch_pistol_fullauto_t9_weapon_mastery_weapon_master,GUNSMITH,1,,iw8_pi_t9fullauto,,0,
118436679385523270,t9_ch_pistol_fullauto_t9_ekia,GUNSMITH,150,1,iw8_pi_t9fullauto,,0,
143391056768005895,t9_ch_pistol_fullauto_t9_headshots,GUNSMITH,50,5,iw8_pi_t9fullauto,,0,
102161548481474695,t9_ch_pistol_fullauto_t9_killstreak_5,GUNSMITH,20,10,iw8_pi_t9fullauto,,0,
116098997666765328,t9_ch_pistol_fullauto_t9_longshot_kill,GUNSMITH,25,15,iw8_pi_t9fullauto,,0,
97878788446409027,t9_ch_pistol_fullauto_t9_kill_detected_stunned_blinded,GUNSMITH,25,20,iw8_pi_t9fullauto,,0,
128325278745195166,t9_ch_pistol_fullauto_t9_kill_enemy_taking_cover_from_you,GUNSMITH,25,25,iw8_pi_t9fullauto,,0,
111490290769979971,t9_ch_pistol_fullauto_t9_multikill_2,GUNSMITH,25,30,iw8_pi_t9fullauto,,0,
132409413524623351,t9_ch_pistol_fullauto_t9_challenges,GUNSMITH,35,,iw8_pi_t9fullauto,,0,
134372653359720012,t9_ch_pistol_fullauto_t9_challenges_completed,GUNSMITH,1,,iw8_pi_t9fullauto,,0,
78310984308436965,t9_ch_pistol_revolver_t9_ekia_for_weapon_mastery,GUNSMITH,500,,iw8_pi_t9revolver,,0,
104869586199328207,t9_ch_pistol_revolver_t9_weapon_mastery_weapon_master,GUNSMITH,1,,iw8_pi_t9revolver,,0,
132192381205534683,t9_ch_pistol_revolver_t9_ekia,GUNSMITH,150,1,iw8_pi_t9revolver,,0,
102695916271904146,t9_ch_pistol_revolver_t9_headshots,GUNSMITH,50,5,iw8_pi_t9revolver,,0,
72987659285768452,t9_ch_pistol_revolver_t9_killstreak_5,GUNSMITH,20,10,iw8_pi_t9revolver,,0,
123547594480595232,t9_ch_pistol_revolver_t9_longshot_kill,GUNSMITH,25,15,iw8_pi_t9revolver,,0,
139025688312158296,t9_ch_pistol_revolver_t9_kill_detected_stunned_blinded,GUNSMITH,25,20,iw8_pi_t9revolver,,0,
141074397762740828,t9_ch_pistol_revolver_t9_kill_enemy_taking_cover_from_you,GUNSMITH,25,25,iw8_pi_t9revolver,,0,
77090304963752822,t9_ch_pistol_revolver_t9_multikill_2,GUNSMITH,25,30,iw8_pi_t9revolver,,0,
130950196639510612,t9_ch_pistol_revolver_t9_challenges,GUNSMITH,35,,iw8_pi_t9revolver,,0,
134580228964317489,t9_ch_pistol_revolver_t9_challenges_completed,GUNSMITH,1,,iw8_pi_t9revolver,,0,
134858456730397406,t9_ch_weapon_knife_kills,GUNSMITH,250,,,,0,
108433102027107720,t9_ch_weapon_knife_challenges_completed,GUNSMITH,1,,,,0,
105517626639293611,t9_ch_knife_loadout_kills_for_weapon_mastery,GUNSMITH,250,,,,0,
108517867867518973,t9_ch_knife_loadout_weapon_mastery_weapon_master,GUNSMITH,1,,,,0,
107681905927281413,t9_ch_knife_loadout_kills,GUNSMITH,75,1,,,0,
118353586009422343,t9_ch_knife_loadout_backstabber_kill,GUNSMITH,25,5,,,0,
82101959029685661,t9_ch_knife_loadout_finishing_move_kill,GUNSMITH,25,10,,,0,
128759056290963582,t9_ch_knife_loadout_kill_enemy_when_injured,GUNSMITH,50,15,,,0,
116145040958578594,t9_ch_knife_loadout_kill_enemy_while_sliding,GUNSMITH,50,20,,,0,
85614137452082363,t9_ch_knife_loadout_kill_smoked_blinded_stunned,GUNSMITH,50,25,,,0,
124160379940188646,t9_ch_knife_loadout_multikill_2,GUNSMITH,25,30,,,0,
131103733653700729,t9_ch_knife_loadout_challenges,GUNSMITH,35,,,,0,
134286443607017157,t9_ch_knife_loadout_challenges_completed,GUNSMITH,1,,,,0,
114859033779225386,t9_ch_melee_wakizashi_t9_kills_for_weapon_mastery,GUNSMITH,250,,,,0,
100640944359524537,t9_ch_melee_wakizashi_t9_weapon_mastery_weapon_master,GUNSMITH,1,,,,0,
82476330923231217,t9_ch_melee_wakizashi_t9_kills,GUNSMITH,75,1,,,0,
124790499524690177,t9_ch_melee_wakizashi_t9_backstabber_kill,GUNSMITH,25,5,,,0,
92828866010462506,t9_ch_melee_wakizashi_t9_finishing_move_kill,GUNSMITH,25,10,,,0,
136085641496071574,t9_ch_melee_wakizashi_t9_kill_enemy_when_injured,GUNSMITH,50,15,,,0,
97383014696056368,t9_ch_melee_wakizashi_t9_kill_enemy_while_sliding,GUNSMITH,50,20,,,0,
105875724919755667,t9_ch_melee_wakizashi_t9_kill_smoked_blinded_stunned,GUNSMITH,50,25,,,0,
112063673278644608,t9_ch_melee_wakizashi_t9_multikill_2,GUNSMITH,25,30,,,0,
141297284728047485,t9_ch_melee_wakizashi_t9_challenges,GUNSMITH,35,,,,0,
124839186637318716,t9_ch_melee_wakizashi_t9_challenges_completed,GUNSMITH,1,,,,0,
107005349521825778,t9_ch_melee_sledgehammer_t9_kills_for_weapon_mastery,GUNSMITH,250,,,,0,
79746005322646767,t9_ch_melee_sledgehammer_t9_weapon_mastery_weapon_master,GUNSMITH,1,,,,0,
137223794739021648,t9_ch_melee_sledgehammer_t9_kills,GUNSMITH,75,1,,,0,
132634961893519503,t9_ch_melee_sledgehammer_t9_backstabber_kill,GUNSMITH,25,5,,,0,
81153025178320415,t9_ch_melee_sledgehammer_t9_finishing_move_kill,GUNSMITH,25,10,,,0,
116171824816250190,t9_ch_melee_sledgehammer_t9_kill_enemy_when_injured,GUNSMITH,50,15,,,0,
118650487976004492,t9_ch_melee_sledgehammer_t9_kill_enemy_while_sliding,GUNSMITH,50,20,,,0,
110224453016037045,t9_ch_melee_sledgehammer_t9_kill_smoked_blinded_stunned,GUNSMITH,50,25,,,0,
108270583541193814,t9_ch_melee_sledgehammer_t9_multikill_2,GUNSMITH,25,30,,,0,
96830137000402655,t9_ch_melee_sledgehammer_t9_challenges,GUNSMITH,35,,,,0,
117200709284654406,t9_ch_melee_sledgehammer_t9_challenges_completed,GUNSMITH,1,,,,0,
87768300668914417,t9_ch_weapon_cqb_ekia,GUNSMITH,1000,,,,0,
98503503162431912,t9_ch_weapon_cqb_challenges_completed,GUNSMITH,2,,,,0,
142366037590703804,t9_ch_shotgun_semiauto_t9_ekia_for_weapon_mastery,GUNSMITH,500,,,,0,
119078364048490634,t9_ch_shotgun_semiauto_t9_weapon_mastery_weapon_master,GUNSMITH,1,,iw8_sh_t9semiauto,,0,
123730243072390258,t9_ch_shotgun_semiauto_t9_ekia,GUNSMITH,200,1,iw8_sh_t9semiauto,,0,
81950742909190073,t9_ch_shotgun_semiauto_t9_headshots,GUNSMITH,50,5,iw8_sh_t9semiauto,,0,
107308741536373626,t9_ch_shotgun_semiauto_t9_killstreak_5,GUNSMITH,20,10,iw8_sh_t9semiauto,,0,
81268531306760290,t9_ch_shotgun_semiauto_t9_longshot_kill,GUNSMITH,50,20,iw8_sh_t9semiauto,,0,
142964793459221610,t9_ch_shotgun_semiauto_t9_kill_detected_stunned_blinded,GUNSMITH,75,30,iw8_sh_t9semiauto,,0,
99663809698530694,t9_ch_shotgun_semiauto_t9_point_blank_kill,GUNSMITH,75,40,iw8_sh_t9semiauto,,0,
121419536004797244,t9_ch_shotgun_semiauto_t9_multikill_2,GUNSMITH,25,50,iw8_sh_t9semiauto,,0,
91178320865302291,t9_ch_shotgun_semiauto_t9_challenges,GUNSMITH,35,,iw8_sh_t9semiauto,,0,
112785530677952056,t9_ch_shotgun_semiauto_t9_challenges_completed,GUNSMITH,1,,iw8_sh_t9semiauto,,0,
136722127589193647,t9_ch_shotgun_fullauto_t9_ekia_for_weapon_mastery,GUNSMITH,500,,iw8_sh_t9fullauto,,0,
129611007595839443,t9_ch_shotgun_fullauto_t9_weapon_mastery_weapon_master,GUNSMITH,1,,iw8_sh_t9fullauto,,0,
97086614219454607,t9_ch_shotgun_fullauto_t9_ekia,GUNSMITH,200,1,iw8_sh_t9fullauto,,0,
102013679122344924,t9_ch_shotgun_fullauto_t9_headshots,GUNSMITH,50,5,iw8_sh_t9fullauto,,0,
99096315868878731,t9_ch_shotgun_fullauto_t9_killstreak_5,GUNSMITH,20,10,iw8_sh_t9fullauto,,0,
87888644695056914,t9_ch_shotgun_fullauto_t9_longshot_kill,GUNSMITH,50,20,iw8_sh_t9fullauto,,0,
128432533307851259,t9_ch_shotgun_fullauto_t9_kill_detected_stunned_blinded,GUNSMITH,75,30,iw8_sh_t9fullauto,,0,
75905427852422196,t9_ch_shotgun_fullauto_t9_point_blank_kill,GUNSMITH,75,40,iw8_sh_t9fullauto,,0,
119458263692733466,t9_ch_shotgun_fullauto_t9_multikill_2,GUNSMITH,25,50,iw8_sh_t9fullauto,,0,
127406078506705807,t9_ch_shotgun_fullauto_t9_challenges,GUNSMITH,35,,iw8_sh_t9fullauto,,0,
72895709205806853,t9_ch_shotgun_fullauto_t9_challenges_completed,GUNSMITH,1,,iw8_sh_t9fullauto,,0,
139638298332556729,t9_ch_shotgun_pump_t9_ekia_for_weapon_mastery,GUNSMITH,500,,iw8_sh_t9pump,,0,
126972590132402465,t9_ch_shotgun_pump_t9_weapon_mastery_weapon_master,GUNSMITH,1,,iw8_sh_t9pump,,0,
97438594272295712,t9_ch_shotgun_pump_t9_ekia,GUNSMITH,200,1,iw8_sh_t9pump,,0,
91032994583593440,t9_ch_shotgun_pump_t9_headshots,GUNSMITH,50,5,iw8_sh_t9pump,,0,
111146686041699906,t9_ch_shotgun_pump_t9_killstreak_5,GUNSMITH,20,10,iw8_sh_t9pump,,0,
100691120653012285,t9_ch_shotgun_pump_t9_longshot_kill,GUNSMITH,50,20,iw8_sh_t9pump,,0,
105291385843968145,t9_ch_shotgun_pump_t9_kill_detected_stunned_blinded,GUNSMITH,75,30,iw8_sh_t9pump,,0,
87653852918979746,t9_ch_shotgun_pump_t9_point_blank_kill,GUNSMITH,75,40,iw8_sh_t9pump,,0,
134020267000357860,t9_ch_shotgun_pump_t9_multikill_2,GUNSMITH,25,50,iw8_sh_t9pump,,0,
90698823273943686,t9_ch_shotgun_pump_t9_challenges,GUNSMITH,35,,iw8_sh_t9pump,,0,
103552013567346323,t9_ch_shotgun_pump_t9_challenges_completed,GUNSMITH,1,,iw8_sh_t9pump,,0,
95532164585680564,t9_ch_weapon_launcher_ekia_destroy_any,GUNSMITH,500,,,,0,
142013641515494439,t9_ch_weapon_launcher_challenges_completed,GUNSMITH,2,,,,0,
80984514806960466,t9_ch_launcher_standard_t9_ekia_destroy_any_for_weapon_mastery,GUNSMITH,250,,,,0,
119334506187287439,t9_ch_launcher_standard_t9_weapon_mastery_weapon_master,GUNSMITH,1,,,,0,
117691816850647556,t9_ch_launcher_standard_t9_challenges,GUNSMITH,35,,,,0,
102844460471881088,t9_ch_launcher_standard_t9_challenges_completed,GUNSMITH,1,,,,0,
113276135325951735,t9_ch_launcher_standard_t9_ekia,GUNSMITH,50,1,,,0,
127091298481480411,t9_ch_launcher_standard_t9_destroy_any,GUNSMITH,50,5,,,0,
134345403779593693,t9_ch_launcher_standard_t9_killstreak_3,GUNSMITH,20,10,,,0,
123514581406816042,t9_ch_launcher_standard_t9_destroy_vehicle_ground,GUNSMITH,50,15,,,0,
94450963744903479,t9_ch_launcher_standard_t9_destroy_vehicle_air,GUNSMITH,50,20,,,0,
138417624507801146,t9_ch_launcher_standard_t9_destroy_3_vehicles_in_one_game,GUNSMITH,10,25,,,0,
129117479746853261,t9_ch_launcher_standard_t9_multikill_2,GUNSMITH,25,30,,,0,
106074473500014343,t9_ch_launcher_freefire_t9_ekia_destroy_any_for_weapon_mastery,GUNSMITH,250,,,,0,
127757762011199074,t9_ch_launcher_freefire_t9_weapon_mastery_weapon_master,GUNSMITH,1,,,,0,
121469519597767300,t9_ch_launcher_freefire_t9_challenges,GUNSMITH,35,,,,0,
112334801333760919,t9_ch_launcher_freefire_t9_challenges_completed,GUNSMITH,1,,,,0,
107653423757740175,t9_ch_launcher_freefire_t9_ekia,GUNSMITH,50,1,,,0,
79630234479213851,t9_ch_launcher_freefire_t9_destroy_any,GUNSMITH,25,5,,,0,
104673689715854173,t9_ch_launcher_freefire_t9_killstreak_3,GUNSMITH,20,10,,,0,
104820441296251549,t9_ch_launcher_freefire_t9_destroy_vehicle_ground,GUNSMITH,25,15,,,0,
96036817499415512,t9_ch_launcher_freefire_t9_destroy_vehicle_air,GUNSMITH,25,20,,,0,
113635753155898992,t9_ch_launcher_freefire_t9_destroy_3_vehicles_in_one_game,GUNSMITH,10,25,,,0,
80829277315103837,t9_ch_launcher_freefire_t9_multikill_2,GUNSMITH,25,30,,,0,
114507764902435299,t9_ch_launcher_fastfire_t9_ekia_destroy_any_for_weapon_mastery,GUNSMITH,250,,,,0,
99090855847389416,t9_ch_launcher_fastfire_t9_weapon_mastery_weapon_master,GUNSMITH,1,,,,0,
120078089884823891,t9_ch_launcher_fastfire_t9_challenges,GUNSMITH,35,,,,0,
75941029112613825,t9_ch_launcher_fastfire_t9_challenges_completed,GUNSMITH,1,,,,0,
93584313525097848,t9_ch_weapon_special_ekia,GUNSMITH,1000,,,,0,
116785431711944608,t9_ch_weapon_special_challenges_completed,GUNSMITH,1,,,,0,
79754594576937566,t9_ch_special_gunless_t9_ekia_for_weapon_mastery,GUNSMITH,250,,,,0,
95758727042029058,t9_ch_special_gunless_t9_weapon_mastery_weapon_master,GUNSMITH,1,,,,0,
98882502706198928,t9_ch_special_gunless_t9_kills,GUNSMITH,30,1,,,0,
88356336975629726,t9_ch_special_gunless_t9_longshot_kill,GUNSMITH,50,5,,,0,
90210408047633489,t9_ch_special_gunless_t9_killstreak_3,GUNSMITH,20,10,,,0,
129420072103381318,t9_ch_special_gunless_t9_destroy_any,GUNSMITH,50,15,,,0,
129409169178386297,t9_ch_special_gunless_t9_kill_enemy_taking_cover_from_you,GUNSMITH,50,20,,,0,
136896945067532992,t9_ch_special_gunless_t9_destroy_3_vehicles_in_one_game,GUNSMITH,10,25,,,0,
114659482842270537,t9_ch_special_gunless_t9_multikill_2,GUNSMITH,25,30,,,0,
96000028219810795,t9_ch_special_gunless_t9_challenges,GUNSMITH,35,,,,0,
81654100740885214,t9_ch_special_gunless_t9_challenges_completed,GUNSMITH,1,,,,0,
130645572371422105,t9_ch_special_grenadelauncher_t9_ekia_for_weapon_mastery,GUNSMITH,250,,,,0,
98256521774636333,t9_ch_special_grenadelauncher_t9_weapon_mastery_weapon_master,GUNSMITH,1,,,,0,
101140402112177103,t9_ch_special_grenadelauncher_t9_kills,GUNSMITH,30,1,,,0,
137480034186915241,t9_ch_special_grenadelauncher_t9_longshot_kill,GUNSMITH,50,5,,,0,
128473076046455735,t9_ch_special_grenadelauncher_t9_killstreak_3,GUNSMITH,20,10,,,0,
119345032999855002,t9_ch_special_grenadelauncher_t9_destroy_any,GUNSMITH,50,15,,,0,
125984322236756398,t9_ch_special_grenadelauncher_t9_kill_enemy_taking_cover_from_you,GUNSMITH,50,20,,,0,
122341072250303204,t9_ch_special_grenadelauncher_t9_destroy_3_vehicles_in_one_game,GUNSMITH,10,25,,,0,
116332364403131417,t9_ch_special_grenadelauncher_t9_multikill_2,GUNSMITH,25,30,,,0,
88970880738170167,t9_ch_special_grenadelauncher_t9_challenges,GUNSMITH,35,,,,0,
111237298855933381,t9_ch_special_grenadelauncher_t9_challenges_completed,GUNSMITH,1,,,,0,
84746876556133969,t9_ch_special_crossbow_t9_ekia_for_weapon_mastery,GUNSMITH,250,,,,0,
132792430562419649,t9_ch_special_crossbow_t9_weapon_mastery_weapon_master,GUNSMITH,1,,,,0,
113177160872620617,t9_ch_special_crossbow_t9_kills,GUNSMITH,30,1,,,0,
98541595576522022,t9_ch_special_crossbow_t9_longshot_kill,GUNSMITH,50,5,,,0,
114113805974040311,t9_ch_special_crossbow_t9_killstreak_3,GUNSMITH,20,10,,,0,
142855111168437260,t9_ch_special_crossbow_t9_destroy_any,GUNSMITH,50,15,,,0,
132426339142846003,t9_ch_special_crossbow_t9_kill_enemy_taking_cover_from_you,GUNSMITH,50,20,,,0,
96405807941096857,t9_ch_special_crossbow_t9_destroy_3_vehicles_in_one_game,GUNSMITH,10,25,,,0,
87682554033256611,t9_ch_special_crossbow_t9_multikill_2,GUNSMITH,25,30,,,0,
78060545723380706,t9_ch_special_crossbow_t9_challenges,GUNSMITH,35,,,,0,
139103732940543735,t9_ch_special_crossbow_t9_challenges_completed,GUNSMITH,1,,,,0,
121400176024312358,t9_ch_special_recurvebow_t9_ekia_for_weapon_mastery,GUNSMITH,250,,,,0,
141541232835124885,t9_ch_special_recurvebow_t9_weapon_mastery_weapon_master,GUNSMITH,1,,,,0,
99856056477940449,t9_ch_special_recurvebow_t9_kills,GUNSMITH,30,1,,,0,
132556284526137509,t9_ch_special_recurvebow_t9_longshot_kill,GUNSMITH,50,5,,,0,
137737340771613011,t9_ch_special_recurvebow_t9_killstreak_3,GUNSMITH,20,10,,,0,
73364374991008013,t9_ch_special_recurvebow_t9_destroy_any,GUNSMITH,50,15,,,0,
141135006798011859,t9_ch_special_recurvebow_t9_kill_enemy_taking_cover_from_you,GUNSMITH,50,20,,,0,
97960898643746886,t9_ch_special_recurvebow_t9_destroy_3_vehicles_in_one_game,GUNSMITH,10,25,,,0,
74488937921304117,t9_ch_special_recurvebow_t9_multikill_2,GUNSMITH,25,30,,,0,
135947994782828975,t9_ch_special_recurvebow_t9_challenges,GUNSMITH,35,,,,0,
88078631505361897,t9_ch_special_recurvebow_t9_challenges_completed,GUNSMITH,1,,,,0,
83731266646511323,t9_ch_global_knife_loadout_multikill_2_for_weapon_unlock,GUNUNLOCK,15,,,,0,
84844939354745888,t9_ch_global_knife_loadout_finishing_move_kill_2_for_weapon_unlock,GUNUNLOCK,10,,,,0,
85531073539030426,t9_ch_global_shotgun_killstreak_3_for_weapon_unlock,GUNUNLOCK,15,,,,0,
115286470124806509,t9_ch_global_weapons_mastery_melee,GUNSMITH,1,,,,0,
96910191170591142,t9_ch_global_weapons_mastery_special,GUNSMITH,1,,,,0,
104382804560150907,t9_ch_global_weapons_melee_special_mastery,GUNSMITH,2,,,,0,
133977886520747699,t9_ch_special_ballisticknife_t9_dw_ekia_for_weapon_mastery,GUNSMITH,250,,,,0,
85214939562733736,t9_ch_special_ballisticknife_t9_dw_weapon_mastery_weapon_master,GUNSMITH,1,,,,0,
83945582926356302,t9_ch_special_ballisticknife_t9_dw_kills,GUNSMITH,30,1,,,0,
88204092312309030,t9_ch_special_ballisticknife_t9_dw_longshot_kill,GUNSMITH,50,5,,,0,
103722606774892052,t9_ch_special_ballisticknife_t9_dw_killstreak_3,GUNSMITH,20,10,,,0,
117573883975640042,t9_ch_special_ballisticknife_t9_dw_destroy_any,GUNSMITH,50,15,,,0,
111691015281691010,t9_ch_special_ballisticknife_t9_dw_kill_enemy_taking_cover_from_you,GUNSMITH,50,20,,,0,
121043160635350466,t9_ch_special_ballisticknife_t9_dw_destroy_3_vehicles_in_one_game,GUNSMITH,10,25,,,0,
131039371669209771,t9_ch_special_ballisticknife_t9_dw_multikill_2,GUNSMITH,25,30,,,0,
90390544648404981,t9_ch_special_ballisticknife_t9_dw_challenges,GUNSMITH,35,,,,0,
133743478573917576,t9_ch_special_ballisticknife_t9_dw_challenges_completed,GUNSMITH,1,,,,0,
142338262344430676,t9_ch_melee_etool_t9_kills_for_weapon_mastery,GUNSMITH,250,,iw8_me_t9etool,,0,
83448092151797701,t9_ch_melee_etool_t9_weapon_mastery_weapon_master,GUNSMITH,1,,iw8_me_t9etool,,0,
85096741171809537,t9_ch_melee_etool_t9_kills,GUNSMITH,75,1,iw8_me_t9etool,,0,
122801817641531249,t9_ch_melee_etool_t9_backstabber_kill,GUNSMITH,25,5,iw8_me_t9etool,,0,
100418001923611212,t9_ch_melee_etool_t9_finishing_move_kill,GUNSMITH,25,10,iw8_me_t9etool,,0,
89105010768445316,t9_ch_melee_etool_t9_kill_enemy_when_injured,GUNSMITH,50,15,iw8_me_t9etool,,0,
109154272355255458,t9_ch_melee_etool_t9_kill_enemy_while_sliding,GUNSMITH,50,20,iw8_me_t9etool,,0,
142129678089116398,t9_ch_melee_etool_t9_kill_smoked_blinded_stunned,GUNSMITH,50,25,iw8_me_t9etool,,0,
119850113696820891,t9_ch_melee_etool_t9_multikill_2,GUNSMITH,25,30,iw8_me_t9etool,,0,
75866540747998056,t9_ch_melee_etool_t9_challenges,GUNSMITH,35,,iw8_me_t9etool,,0,
87174556606933808,t9_ch_melee_etool_t9_challenges_completed,GUNSMITH,1,,iw8_me_t9etool,,0,
95063945053560206,t9_ch_melee_machete_t9_kills_for_weapon_mastery,GUNSMITH,250,,iw8_me_t9machete,,0,
138505157537598876,t9_ch_melee_machete_t9_weapon_mastery_weapon_master,GUNSMITH,1,,iw8_me_t9machete,,0,
93907540076922145,t9_ch_melee_machete_t9_kills,GUNSMITH,75,1,iw8_me_t9machete,,0,
101656636322935255,t9_ch_melee_machete_t9_backstabber_kill,GUNSMITH,25,5,iw8_me_t9machete,,0,
89275211191526081,t9_ch_melee_machete_t9_finishing_move_kill,GUNSMITH,25,10,iw8_me_t9machete,,0,
81456330461298817,t9_ch_melee_machete_t9_kill_enemy_when_injured,GUNSMITH,50,15,iw8_me_t9machete,,0,
123193414392499085,t9_ch_melee_machete_t9_kill_enemy_while_sliding,GUNSMITH,50,20,iw8_me_t9machete,,0,
81028144078109805,t9_ch_melee_machete_t9_kill_smoked_blinded_stunned,GUNSMITH,50,25,iw8_me_t9machete,,0,
142256149387691108,t9_ch_melee_machete_t9_multikill_2,GUNSMITH,25,30,iw8_me_t9machete,,0,
127884306705015718,t9_ch_melee_machete_t9_challenges,GUNSMITH,35,,iw8_me_t9machete,,0,
141914123061434069,t9_ch_melee_machete_t9_challenges_completed,GUNSMITH,1,,iw8_me_t9machete,,0,
98121168748376388,t9_ch_melee_baseballbat_t9_kills_for_weapon_mastery,GUNSMITH,250,,iw8_me_t9baseballbat,,0,
129822430156112378,t9_ch_melee_baseballbat_t9_weapon_mastery_weapon_master,GUNSMITH,1,,iw8_me_t9baseballbat,,0,
131709111678840930,t9_ch_melee_baseballbat_t9_kills,GUNSMITH,75,1,iw8_me_t9baseballbat,,0,
73552964828504229,t9_ch_melee_baseballbat_t9_backstabber_kill,GUNSMITH,25,5,iw8_me_t9baseballbat,,0,
75689517442153209,t9_ch_melee_baseballbat_t9_finishing_move_kill,GUNSMITH,25,10,iw8_me_t9baseballbat,,0,
127223319142124666,t9_ch_melee_baseballbat_t9_kill_enemy_when_injured,GUNSMITH,50,15,iw8_me_t9baseballbat,,0,
100650090009385759,t9_ch_melee_baseballbat_t9_kill_enemy_while_sliding,GUNSMITH,50,20,iw8_me_t9baseballbat,,0,
92937147888726194,t9_ch_melee_baseballbat_t9_kill_smoked_blinded_stunned,GUNSMITH,50,25,iw8_me_t9baseballbat,,0,
92816838526150386,t9_ch_melee_baseballbat_t9_multikill_2,GUNSMITH,25,30,iw8_me_t9baseballbat,,0,
84156833584001934,t9_ch_melee_baseballbat_t9_challenges,GUNSMITH,35,,iw8_me_t9baseballbat,,0,
105429124560015845,t9_ch_melee_baseballbat_t9_challenges_completed,GUNSMITH,1,,iw8_me_t9baseballbat,,0,
86074185640887976,t9_ch_global_ekia_with_picked_up_weapon_for_operator_mission,QUEST,15,0,,t9serpent_western,0,
143543818561700447,t9_ch_global_molotov_kill_for_operator_mission_op2,QUEST,5,0,,t9serpent_western,0,
77451806462873767,t9_ch_global_ammo_pickup_scavenger_for_operator_mission,QUEST,25,0,,t9serpent_western,0,
95777280446660561,t9_ch_global_knife_loadout_kill_for_operator_mission_op3,QUEST,5,0,,t9serpent_western,0,
78213497030793424,t9_ch_global_kill_with_scorestreak_for_operator_mission_op2,QUEST,3,0,,t9mi6_western,0,
86137523822148713,t9_ch_global_ekia_pistol_for_operator_mission,QUEST,10,0,,t9mi6_western,0,
143305070384494532,t9_ch_global_ekia_secondary_for_operator_mission,QUEST,10,0,,t9mi6_western,0,
77920896789790399,t9_ch_global_concussion_grenade_kill_for_operator_mission,QUEST,5,0,,t9mi6_western,0,
90341592882298963,t9_ch_global_ekia_tactical_rifle_for_operator_mission,QUEST,25,0,,t9st1_western,0,
85691709971492744,t9_ch_global_kill_blinded_for_operator_mission,QUEST,5,0,,t9st1_western,0,
138434371546494514,t9_ch_global_ekia_with_flak_jacket_perk_for_operator_mission,QUEST,15,0,,t9st1_western,0,
119800766307931397,t9_ch_global_kill_with_scorestreak_strike_for_operator_mission,QUEST,5,0,,t9st1_western,0,
105274786093362643,t9_ch_global_ekia_smg_for_operator_mission,QUEST,25,0,,t9adler_western,0,
72224333086352574,t9_ch_global_kill_enemy_after_skydiving_for_operator_mission,QUEST,3,0,,t9adler_western,0,
95654771761503692,t9_ch_global_ekia_while_in_ground_vehicle_for_operator_mission,QUEST,5,0,,t9adler_western,0,
80349355574009343,t9_ch_global_ekia_paranoia_or_high_alert_for_operator_mission_op2,QUEST,15,0,,t9adler_western,0,
132822457064991405,t9_ch_global_point_blank_kill_for_operator_mission_op2,QUEST,5,0,,t9st3_western,0,
112311105355547988,t9_ch_global_ekia_downed_for_operator_mission_op2,QUEST,10,0,,t9st3_western,0,
117429626758781312,t9_ch_global_satchel_charge_kill_for_operator_mission_op2,QUEST,5,0,,t9st3_western,0,
117654161684242678,t9_ch_global_ekia_shotgun_for_operator_mission_op2,QUEST,20,0,,t9st3_western,0,
110562767597380999,t9_ch_global_semtex_kill_for_operator_mission,QUEST,5,0,,t9cia_western,0,
141525002252370982,t9_ch_global_destroy_aircraft_with_launchers_for_operator_mission,QUEST,5,0,,t9cia_western,0,
103056920340893614,t9_ch_global_headshots_assault_for_operator_mission,QUEST,7,0,,t9cia_western,0,
72196845444308078,t9_ch_global_kill_near_non_lethal_field_upgrade_for_operator_mission,QUEST,10,0,,t9cia_western,0,
74174308788755413,t9_ch_global_nightingale_kills_for_operator_mission,QUEST,10,0,,t9kgb_eastern,0,
110540305123220521,t9_ch_global_uav_kill_for_operator_mission,QUEST,5,0,,t9kgb_eastern,0,
82651141961219117,t9_ch_global_destroy_field_upgrade_with_engineer_or_spotter_perk_for_operator_mission,QUEST,5,0,,t9kgb_eastern,0,
136332326480723832,t9_ch_global_ekia_pistol_for_operator_mission_op2,QUEST,15,0,,t9kgb_eastern,0,
82268334721349029,t9_ch_global_ekia_tracker_for_operator_mission_op2,QUEST,15,0,,t9navyseal_western,0,
129367031623564307,t9_ch_global_ekia_tactical_rifle_for_operator_mission_op2,QUEST,15,0,,t9navyseal_western,0,
73973792736096026,t9_ch_global_hatchet_kill_for_operator_mission_op2,QUEST,5,0,,t9navyseal_western,0,
82768228547839516,t9_ch_global_ekia_2x_or_greater_magnified_scope_attachment_for_operator_mission,QUEST,15,0,,t9navyseal_western,0,
107382704019379666,t9_ch_global_uav_kill_for_operator_mission_op2,QUEST,5,0,,t9st5_western,0,
136637541999978133,t9_ch_global_ekia_sniper_for_operator_mission,QUEST,15,0,,t9st5_western,0,
75038029388467090,t9_ch_global_destroy_explosive_with_trophy_for_operator_mission,QUEST,5,0,,t9st5_western,0,
112379795841350654,t9_ch_global_ekia_under_enemy_detection_with_ghost_perk_for_operator_mission_op2,QUEST,5,0,,t9st5_western,0,
108648148303297862,t9_ch_global_ekia_thermal_scope_for_operator_mission,QUEST,15,0,,t9st2_western,0,
117228301921161539,t9_ch_global_call_in_uav_for_operator_mission_op3,QUEST,5,0,,t9st2_western,0,
79535217735147615,t9_ch_global_longshot_kill_for_operator_mission_op2,QUEST,5,0,,t9st2_western,0,
114502760757160900,t9_ch_global_ekia_lmg_for_operator_mission,QUEST,25,0,,t9st2_western,0,
131103608846884468,t9_ch_global_smoke_grenade_kill_for_operator_mission,QUEST,5,0,,t9st4_western,0,
81462633169910983,t9_ch_global_ekia_5_or_more_attachments_for_operator_mission,QUEST,25,0,,t9st4_western,0,
110495892323228589,t9_ch_global_ekia_while_in_aerial_vehicle_for_operator_mission,QUEST,3,0,,t9st4_western,0,
112411774210204058,t9_ch_global_killstreak_3_for_operator_mission,QUEST,5,0,,t9st4_western,0,
140652231699547091,t9_ch_global_frag_grenade_kill_for_operator_mission,QUEST,5,0,,t9serpent_western,0,
97517241289769048,t9_ch_global_ground_vehicle_destructions_for_operator_mission,QUEST,5,0,,t9serpent_western,0,
72631091128076132,t9_ch_global_multikill_2_for_operator_mission_op2,QUEST,3,0,,t9serpent_western,0,
97334200342176631,t9_ch_global_finishing_move_kill_for_operator_mission_op2,QUEST,1,0,,t9serpent_western,0,
75983237991428686,t9_ch_global_t9_wz_zm_critical_kills_for_event,MISC,10,0,,,0,
117134210703012765,t9_ch_global_t9_wz_zm_eliminations_for_event,MISC,20,0,,,0,
140541504083660808,t9_ch_global_t9_wz_zm_lethal_equipment_kills_for_event,MISC,8,0,,,0,
74991450044412113,t9_ch_global_t9_wz_zm_vehicle_eliminations_for_event,MISC,3,0,,,0,
74591865973875599,t9_ch_global_t9_wz_zm_eliminations_per_game_for_event,MISC,3,0,,,0,
97731261112318843,t9_ch_global_t9_wz_zm_shotgun_eliminations_for_event,MISC,8,0,,,0,
99462782314883129,t9_ch_global_t9_wz_zm_multikills_for_event,MISC,2,0,,,0,
102204437053727868,t9_ch_global_t9_wz_zm_pistol_eliminations_for_event,MISC,8,0,,,0,
90192267695612935,t9_ch_global_t9_wz_zm_eliminations_before_circle_for_event,MISC,8,0,,,0,
112475432448275944,t9_ch_global_t9_wz_zm_event_mastery,MISC,9,0,,,0,
98604439729451222,t9_ch_global_zm_sr_exfil_for_event,MISC,3,0,,,0,
139972791120478243,t9_ch_global_zm_sr_normal_eliminations_for_event,MISC,250,0,,,0,
139171720061382385,t9_ch_global_zm_sr_elite_eliminations_for_event,MISC,10,0,,,0,
133705507841090853,t9_ch_global_zm_sr_chests_opened_for_event,MISC,25,0,,,0,
112184019781137715,t9_ch_global_zm_sr_world_events_completed_for_event,MISC,3,0,,,0,
99990369741158710,t9_ch_global_zm_sr_warps_for_event,MISC,10,0,,,0,
73390492515264244,t9_ch_global_zm_sr_special_eliminations_for_event,MISC,3,0,,,0,
102838512840777965,t9_ch_global_zm_sr_vehicle_eliminations_for_event,MISC,100,0,,,0,
141963666201781001,t9_ch_global_zm_sr_objectives_completed_for_event,MISC,10,0,,,0,
73372459128399524,t9_ch_global_zm_sr_event_mastery,MISC,9,0,,,0,
109703741951923180,t9_ch_global_knife_loadout_killstreak_3_for_weapon_unlock,GUNUNLOCK,15,,,,0,
102990846104255270,t9_ch_global_backstabber_kill_for_weapon_unlock,GUNUNLOCK,15,,,,0,
87407842962590978,t9_ch_global_kill_enemy_one_bullet_no_attachments_3_for_weapon_unlock,GUNUNLOCK,15,,,,0,
121475809336427083,t9_ch_global_longshot_kill_sniper_2_for_weapon_unlock,GUNUNLOCK,10,,,,0,
78348407262378163,t9_ch_global_assault_killstreak_3_for_weapon_unlock,GUNUNLOCK,15,,,,0,
74582787870502976,t9_ch_global_smg_multikill_2_for_weapon_unlock,GUNUNLOCK,15,,,,0,
